Peptide,Avg dist,Stddev,Length,Confidence
ANS,21.351613232457172,82.78417877776532,9.392819659718802,-0.54
APM,24.42203199789383,91.97172153707926,11.175577718400064,-1.26
AQW,13.126776490883106,45.870613938410884,10.274565748001226,-0.92
ASS,11.660899648838699,10.846977845499227,9.965887503880424,-0.99
EIS,20.36167956302709,82.18128662855902,11.72126876664809,-1.74
FEV,12.562223702822486,2.985336149501588,11.187405549098505,-1.30
GAG,9.307386710869135,8.93652673074398,8.984785635172383,-0.12
GAS,9.320200317910153,8.77666316252652,8.925947220323454,-0.55
GEG,11.656255790688208,7.714750879495829,9.581318588795593,-0.31
GEP,9.80703620965031,3.9339321542604044,9.304885428633712,-0.14
GGG,10.104207877152911,7.543933277931003,8.37536586544134,-0.99
GSC,9.839123119673955,7.64143034984099,9.444166206711952,-0.61
GSD,10.815236668960058,9.848985197063744,10.506153122813314,-0.15
GSG,9.866767145638526,9.67902264252294,9.505150065622319,-0.97
HGA,41.99787497220774,176.59074588574117,12.750764904506708,-0.62
HPH,22.57619078167883,86.21943942684064,14.511390356544066,-0.44
ISH,15.356064387510068,49.28846350712086,10.857818523534087,-1.02
KLH,286.81947531367746,1265.7349328952935,14.47624906182537,-1.26
NRG,14.512222439439723,4.122890543975461,13.54307087222097,-0.93
QAG,12.48667627586792,7.386420605741556,11.632993264418237,-1.04
SAG,11.457247256678222,10.462822098385427,9.292539785225562,-1.36
SCG,10.41134832388524,9.008313029216373,10.324332912590528,-0.35
SDG,9.978587890035238,9.10563102743179,9.491209822778126,-0.52
TAG,8.199019777787903,6.82373759787674,7.70846607698315,-1.28
TGV,342.2563268729381,1524.7787158977605,11.208693503258978,-0.73
TNS,9.592901512931522,21.567456111909767,9.208683016588203,-0.78
TQE,55.18983751131526,224.8236284973485,12.574279543973883,-1.31
TSG,10.912528037160037,10.75082495024139,9.801672699595716,-1.46
TSS,9.547054338551419,8.996975958839933,7.685084365834899,-0.55
VDG,9.546532717297097,22.80393994870822,8.773779560713844,0.05
VMW,670.8185537047111,2988.806609049668,11.270332977334787,-1.48
WIP,12.584284453731257,38.025653115233695,10.877197429944905,-0.20
WYV,428.6643694183333,1893.6963099231596,12.311635162723107,-0.97
YLM,33.47074808019801,134.1834253005659,15.62021898085939,-1.21
